{"00_RFDN_baseline": {"valid_runtime": [2661.211181640625, 43.57334518432617, 48.75075149536133, 38.220577239990234, 48.256351470947266, 44.324737548828125, 36.358943939208984, 43.633663177490234, 44.431392669677734, 48.356544494628906, 43.602272033691406, 48.28412628173828, 79.22806549072266, 68.16460418701172, 67.76611328125, 67.7652816772461, 76.17689514160156, 77.45667266845703, 65.10636901855469, 65.13823699951172, 65.05014038085938, 94.66572570800781, 82.18592071533203, 78.52985382080078, 73.88137817382812, 79.09449768066406, 73.63375854492188, 64.67257690429688, 63.75078582763672, 38.770687103271484, 63.75049591064453, 63.75244903564453, 76.27891540527344, 63.816768646240234, 57.85801696777344, 73.36105346679688, 44.95315170288086, 45.017887115478516, 45.021793365478516, 45.13478469848633, 45.0978889465332, 71.50230407714844, 70.15478515625, 53.62998580932617, 70.35465240478516, 69.51213073730469, 52.69865417480469, 77.93199920654297, 69.18707275390625, 75.61840057373047, 70.93875122070312, 60.838687896728516, 72.35807800292969, 56.4048957824707, 106.32003021240234, 65.10639953613281, 65.7257308959961, 63.545440673828125, 63.63663864135742, 74.54752349853516, 64.98047637939453, 64.05158233642578, 53.729087829589844, 63.95305633544922, 75.85270690917969, 48.81942367553711, 48.89497756958008, 64.04745483398438, 48.812191009521484, 73.64649963378906, 45.05379104614258, 45.030303955078125, 46.0079345703125, 44.98332977294922, 72.90985870361328, 69.48652648925781, 57.79612731933594, 87.22035217285156, 95.09635162353516, 32.99020767211914, 40.481536865234375, 43.40822219848633, 43.95228958129883, 44.505889892578125, 73.31270599365234, 77.55683135986328, 79.63916778564453, 78.47705841064453, 74.27471923828125, 71.95494079589844, 66.29750061035156, 68.64185333251953, 70.3851547241211, 53.28819274902344, 66.18569946289062, 69.89389038085938, 69.14083099365234, 68.7892837524414, 68.84713745117188, 57.84150314331055], "valid_psnr": [29.759713337065868, 35.28826955518465, 40.754309977961654, 27.54327986230971, 28.58233204188703, 28.64977003326079, 20.28225992394709, 26.88534128469417, 32.30119377872726, 26.769151884530224, 29.124900727908418, 28.097443499913464, 31.465849757374556, 28.401083363757063, 34.21533037680445, 31.730566107483142, 32.28198321592068, 29.041281158007397, 28.13281822596158, 25.077978962051027, 32.361346859567426, 30.733094216208052, 26.105604064500326, 28.54765463555087, 27.447610814799155, 24.272177873405553, 33.689134110076274, 22.071674546912902, 26.6225653152156, 24.51874572739737, 30.37186365214495, 30.95946345305758, 34.1756703385121, 25.45957255973011, 22.892078757989005, 25.98908888061699, 26.313959107243665, 37.783642467740975, 29.105473706715387, 28.43831556766585, 28.27039693300124, 30.10612603993222, 41.21512961738806, 44.511273342254725, 24.41996230828769, 25.575721532251197, 27.89274511506108, 27.33003121248974, 22.505005029055305, 29.198138189000527, 28.608575606956922, 30.10911756439869, 34.30485239301942, 24.982184829595067, 29.427246635332164, 24.41107865122219, 34.94355057616561, 28.5824236470164, 25.567344968135714, 20.646095897007907, 23.118205861343007, 33.17979338672606, 33.250720389254255, 29.96313782830857, 27.322806939445524, 25.214180220785778, 28.57968972695863, 32.900719206942995, 23.838926555221786, 28.681023048712042, 32.21959275189187, 24.09866620920084, 24.118165579975535, 30.21308397244521, 24.446135660758628, 22.211709401236376, 40.47805939810164, 32.2304668886964, 27.38454632588269, 32.30263566757095, 25.982049793040844, 34.284005081378794, 26.420934521864673, 26.049529100362754, 22.96682047885949, 36.59069152001581, 25.325638182369854, 30.70965538559589, 31.08600999826117, 25.31965524060044, 26.989188674161845, 30.356705126986757, 33.345196065315605, 31.84351340812368, 20.457461934249608, 39.27193667794077, 22.216389852196002, 34.60106702917817, 31.510866788680644, 28.183296578122388], "valid_memory": 788.1298828125, "valid_ave_runtime": 88.54333465576173, "valid_ave_psnr": 29.04113470274136, "activations": 112.03424, "num_conv": 64, "flops": 27.10262256, "num_parameters": 0.433448}, "45_RFDN_residual": {"valid_runtime": [2675.714111328125, 51.2158088684082, 56.871585845947266, 44.941280364990234, 56.548030853271484, 51.16348648071289, 42.62643051147461, 51.20870590209961, 51.25347137451172, 56.56639862060547, 51.14854431152344, 57.4310417175293, 84.48678588867188, 52.79814529418945, 52.87830352783203, 54.42204666137695, 58.52009582519531, 58.356224060058594, 82.08892822265625, 84.86998748779297, 92.28924560546875, 110.40553283691406, 76.66502380371094, 77.4382095336914, 54.360897064208984, 60.76326370239258, 59.856414794921875, 54.20985412597656, 66.72637176513672, 49.24755096435547, 84.72195434570312, 79.8276138305664, 85.22262573242188, 52.71702575683594, 48.916481018066406, 57.285057067871094, 51.954017639160156, 51.8623046875, 86.74720001220703, 79.770751953125, 75.65654754638672, 53.12617492675781, 53.09267044067383, 42.256126403808594, 53.83244705200195, 53.288673400878906, 64.19497680664062, 93.22300720214844, 75.21459197998047, 76.26358032226562, 73.6197738647461, 63.22582244873047, 81.9466552734375, 59.654720306396484, 106.7748794555664, 52.90886306762695, 54.75795364379883, 54.106143951416016, 52.86934280395508, 91.1443862915039, 88.7462387084961, 79.38947296142578, 66.48751831054688, 75.14323425292969, 83.26387023925781, 59.922271728515625, 61.47353744506836, 82.51570892333984, 66.06275177001953, 99.4939193725586, 74.60991668701172, 53.105857849121094, 52.327232360839844, 52.376224517822266, 57.756126403808594, 80.26371002197266, 44.68483352661133, 67.60688018798828, 73.95362854003906, 40.23411178588867, 46.96537780761719, 50.589759826660156, 51.08652877807617, 50.67107009887695, 79.10332489013672, 54.311710357666016, 54.20947265625, 55.72608184814453, 54.259422302246094, 54.57129669189453, 79.20063781738281, 73.1431655883789, 78.02496337890625, 42.77452850341797, 50.8812141418457, 53.566688537597656, 53.9029426574707, 53.5865592956543, 81.73926544189453, 65.68240356445312],