{"00_RFDN_baseline": {"valid_runtime": [2766.879638671875, 43.69734573364258, 49.36841583251953, 38.34883117675781, 48.536415100097656, 43.652671813964844, 36.46015930175781, 44.00729751586914, 43.705631256103516, 48.443199157714844, 68.54454040527344, 75.57849884033203, 79.02508544921875, 69.33731079101562, 70.47440338134766, 69.40214538574219, 77.23296356201172, 90.21552276611328, 71.24697875976562, 71.88307189941406, 70.42822265625, 84.10620880126953, 66.64575958251953, 73.60009765625, 76.70438385009766, 89.22402954101562, 95.84976196289062, 79.14310455322266, 74.84127807617188, 43.96918487548828, 72.12179565429688, 70.99488067626953, 79.3656005859375, 66.05033874511719, 60.88323211669922, 73.52681732177734, 64.15779113769531, 64.25587463378906, 64.28902435302734, 64.2297592163086, 64.21446228027344, 68.23161315917969, 71.27423858642578, 53.36726379394531, 70.15020751953125, 69.9677734375, 52.88822555541992, 77.13369750976562, 69.37904357910156, 69.32931518554688, 70.36662292480469, 64.47862243652344, 80.50284576416016, 60.952640533447266, 111.3490219116211, 65.53984069824219, 67.93692779541016, 65.58204650878906, 66.39810943603516, 75.52031707763672, 72.14131164550781, 70.47180938720703, 58.57164764404297, 71.67401885986328, 77.99187469482422, 53.39449691772461, 53.55763244628906, 85.08313751220703, 61.74051284790039, 93.0412826538086, 70.9520034790039, 70.13311767578125, 69.69068908691406, 69.71417236328125, 77.53977966308594, 66.449951171875, 55.89100646972656, 84.20976257324219, 88.03494262695312, 32.89744186401367, 40.357120513916016, 43.46918487548828, 43.71443176269531, 43.214111328125, 71.56998443603516, 69.8620834350586, 69.83634948730469, 69.7511978149414, 69.74214172363281, 70.1146240234375, 64.17459106445312, 65.53135681152344, 69.39485168457031, 53.006431579589844, 73.14585876464844, 75.3934097290039, 72.89615631103516, 73.69395446777344, 72.53756713867188, 60.80838394165039], "valid_psnr": [29.759713337065868, 35.28826955518465, 40.754309977961654, 27.54327986230971, 28.58233204188703, 28.64977003326079, 20.28225992394709, 26.88534128469417, 32.30119377872726, 26.769151884530224, 29.124900727908418, 28.097443499913464, 31.465849757374556, 28.401083363757063, 34.21533037680445, 31.730566107483142, 32.28198321592068, 29.041281158007397, 28.13281822596158, 25.077978962051027, 32.361346859567426, 30.733094216208052, 26.105604064500326, 28.54765463555087, 27.447610814799155, 24.272177873405553, 33.689134110076274, 22.071674546912902, 26.6225653152156, 24.51874572739737, 30.37186365214495, 30.95946345305758, 34.1756703385121, 25.45957255973011, 22.892078757989005, 25.98908888061699, 26.313959107243665, 37.783642467740975, 29.105473706715387, 28.43831556766585, 28.27039693300124, 30.10612603993222, 41.21512961738806, 44.511273342254725, 24.41996230828769, 25.575721532251197, 27.89274511506108, 27.33003121248974, 22.505005029055305, 29.198138189000527, 28.608575606956922, 30.10911756439869, 34.30485239301942, 24.982184829595067, 29.427246635332164, 24.41107865122219, 34.94355057616561, 28.5824236470164, 25.567344968135714, 20.646095897007907, 23.118205861343007, 33.17979338672606, 33.250720389254255, 29.96313782830857, 27.322806939445524, 25.214180220785778, 28.57968972695863, 32.900719206942995, 23.838926555221786, 28.681023048712042, 32.21959275189187, 24.09866620920084, 24.118165579975535, 30.21308397244521, 24.446135660758628, 22.211709401236376, 40.47805939810164, 32.2304668886964, 27.38454632588269, 32.30263566757095, 25.982049793040844, 34.284005081378794, 26.420934521864673, 26.049529100362754, 22.96682047885949, 36.59069152001581, 25.325638182369854, 30.70965538559589, 31.08600999826117, 25.31965524060044, 26.989188674161845, 30.356705126986757, 33.345196065315605, 31.84351340812368, 20.457461934249608, 39.27193667794077, 22.216389852196002, 34.60106702917817, 31.510866788680644, 28.183296578122388], "valid_memory": 788.1298828125, "valid_ave_runtime": 93.90384490966797, "valid_ave_psnr": 29.04113470274136, "activations": 112.03424, "num_conv": 64, "flops": 27.10262256, "num_parameters": 0.433448}, "45_RFDN_residual": {"valid_runtime": [2771.4140625, 51.473472595214844, 57.15340805053711, 45.169246673583984, 56.702369689941406, 52.28278350830078, 42.83216094970703, 51.37196731567383, 51.35404968261719, 56.76128005981445, 51.40438461303711, 80.86339569091797, 79.83219146728516, 51.889854431152344, 51.264671325683594, 51.064414978027344, 56.475711822509766, 56.49910354614258, 76.99446105957031, 74.08502197265625, 52.78870391845703, 61.885536193847656, 49.91584014892578, 52.74726486206055, 58.314273834228516, 90.59951782226562, 95.3835220336914, 82.57881927490234, 77.19631958007812, 45.28153610229492, 74.33897399902344, 52.782623291015625, 59.73593521118164, 52.71587371826172, 49.839359283447266, 58.441471099853516, 81.82003021240234, 84.71279907226562, 88.14790344238281, 89.81878662109375, 88.01667022705078, 87.92098999023438, 87.94175720214844, 67.56256103515625, 84.86902618408203, 85.07389068603516, 67.5011215209961, 97.33673858642578, 97.49209594726562, 88.02268981933594, 78.14288330078125, 64.0913314819336, 76.41980743408203, 58.507232666015625, 109.2733154296875, 48.93635177612305, 50.64054489135742, 48.87200164794922, 48.95561599731445, 85.69805145263672, 51.38908767700195, 51.38899230957031, 44.681758880615234, 51.538848876953125, 56.65536117553711, 61.769439697265625, 64.3653793334961, 84.39295959472656, 63.283809661865234, 89.74921417236328, 78.0843505859375, 75.07628631591797, 73.98111724853516, 53.22758483886719, 57.948158264160156, 52.52665710449219, 44.03692626953125, 66.40083312988281, 101.3421401977539, 63.24585723876953, 76.20457458496094, 82.70146942138672, 86.57347106933594, 88.30595397949219, 91.61238098144531, 96.0538558959961, 95.59766387939453, 95.58332824707031, 87.82390594482422, 79.43113708496094, 73.26870727539062, 71.2973403930664, 74.55891418457031, 43.25059127807617, 50.17363357543945, 53.0931510925293, 53.267486572265625, 53.041439056396484, 79.58975982666016, 68.78268432617188], "valid_psnr": [29.144635234608916, 35.03384835191048, 39.91660931993416, 27.2142000046259, 28.455619478216846, 27.937220110895606, 20.075712579537587, 26.637767165598547, 32.10037089266385, 26.627838734279322, 28.99965876656808, 27.507930841271495, 31.19874287618198, 27.988385495166696, 33.73555454675257, 31.546082601521075, 31.913100946841176, 28.590658469624785, 27.784627777315066, 24.474751783976355, 31.35436036648745, 30.419310158129335, 25.73217854305669, 28.01899153779882, 27.094610196618795, 24.04424113124496, 33.10127382690674, 20.08443198867696, 26.555211820000373, 24.32248576307429, 29.83112356985349, 30.23238507241107, 33.733353979522334, 25.299846111053427, 22.75688313050076, 25.578348968570083, 25.978401300319753, 37.71349607086176, 29.01166215547898, 28.315558098245845, 27.780514585655588, 29.566904594142706, 40.596209484618335, 43.48736891800424, 23.630759070172545, 24.766669673133723, 27.37927343067812, 27.010363632507136, 21.927430725572663, 28.799013469029976, 28.221322879219272, 29.8794732332153, 33.83463682735741, 24.79478114810677, 29.246889184207152, 24.08228926776659, 34.87950238644104, 28.381250333982297, 25.161206303276913, 20.49879051167843, 22.7260932193569, 33.09770655700153, 33.15924632477646, 29.82148448118082, 27.200094538312214, 24.926336965121703, 28.22227047370062, 32.45398023869067, 23.632175306779367, 28.477676045026335, 31.840331212418207, 23.82885134388092, 23.834175155514092, 29.91143474372857, 24.2108177210619, 22.005170159811467, 40.014192215342, 31.967488219771756, 27.081688864806594, 31.959411154999124, 25.788069648859246, 34.07922232309657, 26.10313888072884, 25.61631709759048, 22.65576593473601, 36.011431988715415, 25.13523619201164, 30.31463841111339, 30.54939320134654, 25.204932365629148, 26.39853080249621, 29.133762412068247, 33.12047997575729, 31.53906894206518, 20.31496725211334, 38.817068198613654, 22.00036754215879, 34.03116041618521, 30.450443037238077, 27.58666760201672],